{
  "prepare_queue": {
    "installed": [],
    "uninstalled": []
  },
  "config_munge": {
    "files": {}
  },
  "installed_plugins": {
    "cordova-plugin-whitelist": {
      "PACKAGE_NAME": "com.example.deviceorientation"
    },
    "cordova-plugin-device-orientation": {
      "PACKAGE_NAME": "com.example.deviceorientation"
    }
  },
  "dependent_plugins": {},
  "modules": [
    {
      "file": "plugins/cordova-plugin-device-orientation/www/CompassError.js",
      "id": "cordova-plugin-device-orientation.CompassError",
      "pluginId": "cordova-plugin-device-orientation",
      "clobbers": [
        "CompassError"
      ]
    },
    {
      "file": "plugins/cordova-plugin-device-orientation/www/CompassHeading.js",
      "id": "cordova-plugin-device-orientation.CompassHeading",
      "pluginId": "cordova-plugin-device-orientation",
      "clobbers": [
        "CompassHeading"
      ]
    },
    {
      "file": "plugins/cordova-plugin-device-orientation/www/compass.js",
      "id": "cordova-plugin-device-orientation.compass",
      "pluginId": "cordova-plugin-device-orientation",
      "clobbers": [
        "navigator.compass"
      ]
    },
    {
      "file": "plugins/cordova-plugin-device-orientation/src/browser/CompassProxy.js",
      "id": "cordova-plugin-device-orientation.CompassProxy",
      "pluginId": "cordova-plugin-device-orientation",
      "runs": true
    }
  ],
  "plugin_metadata": {
    "cordova-plugin-whitelist": "1.3.4",
    "cordova-plugin-device-orientation": "2.0.1"
  }
}
